{"cameraMode":{"drawMode":0,"name":"Shaded","section":"Shading Mode"},"sceneLighting":true,"audioPlay":false,"sceneViewState":{"showFog":true,"showMaterialUpdate":false,"showSkybox":true,"showFlares":true,"showImageEffects":true,"showParticleSystems":true},"in2DMode":false,"pivot":{"x":540.1033325195313,"y":174.36016845703126,"z":-581.4125366210938},"rotation":{"x":0.00044642065768130124,"y":0.9992668628692627,"z":-0.036298900842666629,"w":0.012292676605284214},"size":326.6924133300781,"orthographic":true}