{"cameraMode":{"drawMode":0,"name":"Shaded","section":"Shading Mode"},"sceneLighting":true,"audioPlay":false,"sceneViewState":{"showFog":true,"showMaterialUpdate":false,"showSkybox":true,"showFlares":true,"showImageEffects":true,"showParticleSystems":true},"in2DMode":false,"pivot":{"x":231.68702697753907,"y":201.56869506835938,"z":-251.798095703125},"rotation":{"x":0.0434754341840744,"y":0.007789672818034887,"z":0.0003389849734958261,"w":-0.9990252256393433},"size":561.9743041992188,"orthographic":true}